username,password
user01,+Mp=@U1Zr0HV
user02,7L=J&%w8bfy^
user03,(4yvIk7PTuUi
user04,%Ohj5KbyI(1q
user05,41w_vv7bmF2)
user06,Xk2qi9m^9-kZ
user07,loGF6L#g51fi
user08,65J+*ZLHBlqX
user09,_y6IWT1klRcS
user10,=9l3awLjR$R%
user11,&KC1gTi%I1i-
user12,sma$GDx8REm%
user13,Bl6k+f&B&2YH
user14,R5hu+2K@Q6m8
user15,x(7P4KT)$Fh9
user16,8Zbde^t^)+ZG
user17,kRo1gN$-5P-l
user18,m_a4f^6t4SsA
user19,v3oZiw#RDW#K
user20,)9YPZ&2iqUd*
user21,RZM%q5mcGzBS
user22,bCtED8)d^X05
user23,Ml*HotoYZU#5
user24,zj-NVhA^nl5)
user25,q#wE(2A1-4s*
user26,y!)GMyElOSz6
user27,7E^6B2e=-FuE
user28,z#1xbrhlUT*T
user29,3yg!T8%Z2mwC
user30,_0H(+Np1jj(F
user31,18h28c$mbD+v
user32,#mP8LdSLX3y&
user33,i8TPr!F7L%30
user34,=8FYX0Y!3wqq
user35,R_&Wbj-#%3eV
user36,9ZGPE6F2faq#
user37,GqUDdg9hg2G$
user38,U@X(JqH4MoR1
user39,8g+yyWhWpiG2
user40,L9(4MuU3d^DO
user41,^Sh7gMK*24*B
user42,97KS(qhKJpGB
user43,)Av$Fl0v3dW=
user44,O+iELYDH9^FT
user45,_fHoL3TTPV7@
user46,ya8d(LhBCRP#
user47,Shcgsc2_q$GY
user48,tFWY%_73cb5+
user49,y4o8wDBH-y70
user50,j4uI@gBpv!Wt
